Geo Key,City,Country/Region,State/Province,Postal Code,Region
Aberdeen|South Dakota,Aberdeen,United States,South Dakota,57401,Central
Abilene|Texas,Abilene,United States,Texas,79605,Central
Akron|Ohio,Akron,United States,Ohio,44312,East
Albuquerque|New Mexico,Albuquerque,United States,New Mexico,87105,West
Alexandria|Virginia,Alexandria,United States,Virginia,22304,South
Allen|Texas,Allen,United States,Texas,75002,Central
Allentown|Pennsylvania,Allentown,United States,Pennsylvania,18103,East
Altoona|Pennsylvania,Altoona,United States,Pennsylvania,16602,East
Amarillo|Texas,Amarillo,United States,Texas,79109,Central
Anaheim|California,Anaheim,United States,California,92804,West
Andover|Massachusetts,Andover,United States,Massachusetts,1810,East
Ann Arbor|Michigan,Ann Arbor,United States,Michigan,48104,Central
Antioch|California,Antioch,United States,California,94509,West
Apopka|Florida,Apopka,United States,Florida,32712,South
Apple Valley|California,Apple Valley,United States,California,92307,West
Apple Valley|Minnesota,Apple Valley,United States,Minnesota,55124,Central
Appleton|Wisconsin,Appleton,United States,Wisconsin,54915,Central
Arlington|Texas,Arlington,United States,Texas,76017,Central
Arlington|Virginia,Arlington,United States,Virginia,22204,South
Arlington Heights|Illinois,Arlington Heights,United States,Illinois,60004,Central
Arvada|Colorado,Arvada,United States,Colorado,80004,West
Asheville|North Carolina,Asheville,United States,North Carolina,28806,South
Athens|Georgia,Athens,United States,Georgia,30605,South
Atlanta|Georgia,Atlanta,United States,Georgia,30318,South
Atlantic City|New Jersey,Atlantic City,United States,New Jersey,8401,East
Auburn|Alabama,Auburn,United States,Alabama,36830,South
Auburn|New York,Auburn,United States,New York,13021,East
Auburn|Washington,Auburn,United States,Washington,98002,West
Aurora|Colorado,Aurora,United States,Colorado,80013,West
Aurora|Illinois,Aurora,United States,Illinois,60505,Central
Austin|Texas,Austin,United States,Texas,78745,Central
Avondale|Arizona,Avondale,United States,Arizona,85323,West
Bakersfield|California,Bakersfield,United States,California,93309,West
Baltimore|Maryland,Baltimore,United States,Maryland,21215,East
Bangor|Maine,Bangor,United States,Maine,4401,East
Bartlett|Tennessee,Bartlett,United States,Tennessee,38134,South
Bayonne|New Jersey,Bayonne,United States,New Jersey,7002,East
Baytown|Texas,Baytown,United States,Texas,77520,Central
Beaumont|Texas,Beaumont,United States,Texas,77705,Central
Bedford|Texas,Bedford,United States,Texas,76021,Central
Belleville|New Jersey,Belleville,United States,New Jersey,7109,East
Bellevue|Washington,Bellevue,United States,Washington,98006,West
Bellingham|Washington,Bellingham,United States,Washington,98226,West
Bethlehem|Pennsylvania,Bethlehem,United States,Pennsylvania,18018,East
Beverly|Massachusetts,Beverly,United States,Massachusetts,1915,East
Billings|Montana,Billings,United States,Montana,59102,West
Bloomington|Illinois,Bloomington,United States,Illinois,61701,Central
Bloomington|Indiana,Bloomington,United States,Indiana,47401,Central
Boca Raton|Florida,Boca Raton,United States,Florida,33433,South
Boise|Idaho,Boise,United States,Idaho,83704,West
Bolingbrook|Illinois,Bolingbrook,United States,Illinois,60440,Central
Bossier City|Louisiana,Bossier City,United States,Louisiana,71111,South
Bowling Green|Kentucky,Bowling Green,United States,Kentucky,42104,South
Bowling Green|Ohio,Bowling Green,United States,Ohio,43402,East
Boynton Beach|Florida,Boynton Beach,United States,Florida,33437,South
Bozeman|Montana,Bozeman,United States,Montana,59715,West
Brentwood|California,Brentwood,United States,California,94513,West
Bridgeton|New Jersey,Bridgeton,United States,New Jersey,8302,East
Bristol|Connecticut,Bristol,United States,Connecticut,6010,East
Bristol|Tennessee,Bristol,United States,Tennessee,37620,South
Broken Arrow|Oklahoma,Broken Arrow,United States,Oklahoma,74012,Central
Broomfield|Colorado,Broomfield,United States,Colorado,80020,West
Brownsville|Texas,Brownsville,United States,Texas,78521,Central
Bryan|Texas,Bryan,United States,Texas,77803,Central
Buffalo|New York,Buffalo,United States,New York,14215,East
Buffalo Grove|Illinois,Buffalo Grove,United States,Illinois,60089,Central
Bullhead City|Arizona,Bullhead City,United States,Arizona,86442,West
Burbank|California,Burbank,United States,California,91505,West
Burlington|Iowa,Burlington,United States,Iowa,52601,Central
Burlington|North Carolina,Burlington,United States,North Carolina,27217,South
Burlington|Vermont,Burlington,United States,Vermont,05401,East
Caldwell|Idaho,Caldwell,United States,Idaho,83605,West
Calgary|Alberta,Calgary,Canada,Alberta,T1Y,West
Camarillo|California,Camarillo,United States,California,93010,West
Cambridge|Massachusetts,Cambridge,United States,Massachusetts,2138,East
Canton|Michigan,Canton,United States,Michigan,48187,Central
Carlsbad|New Mexico,Carlsbad,United States,New Mexico,88220,West
Carol Stream|Illinois,Carol Stream,United States,Illinois,60188,Central
Carrollton|Texas,Carrollton,United States,Texas,75007,Central
Cary|North Carolina,Cary,United States,North Carolina,27511,South
Cedar Hill|Texas,Cedar Hill,United States,Texas,75104,Central
Cedar Rapids|Iowa,Cedar Rapids,United States,Iowa,52402,Central
Champaign|Illinois,Champaign,United States,Illinois,61821,Central
Chandler|Arizona,Chandler,United States,Arizona,85224,West
Chapel Hill|North Carolina,Chapel Hill,United States,North Carolina,27514,South
Charlotte|North Carolina,Charlotte,United States,North Carolina,28205,South
Charlottesville|Virginia,Charlottesville,United States,Virginia,22901,South
Charlottetown|Prince Edward Island,Charlottetown,Canada,Prince Edward Island,C0A,East
Chattanooga|Tennessee,Chattanooga,United States,Tennessee,37421,South
Chesapeake|Virginia,Chesapeake,United States,Virginia,23320,South
Chester|Pennsylvania,Chester,United States,Pennsylvania,19013,East
Cheyenne|Wyoming,Cheyenne,United States,Wyoming,82001,West
Chicago|Illinois,Chicago,United States,Illinois,60610,Central
Chico|California,Chico,United States,California,95928,West
Chula Vista|California,Chula Vista,United States,California,91911,West
Cincinnati|Ohio,Cincinnati,United States,Ohio,45231,East
Citrus Heights|California,Citrus Heights,United States,California,95610,West
Clarksville|Tennessee,Clarksville,United States,Tennessee,37042,South
Cleveland|Ohio,Cleveland,United States,Ohio,44105,East
Clifton|New Jersey,Clifton,United States,New Jersey,7011,East
Clinton|Maryland,Clinton,United States,Maryland,20735,East
Clovis|New Mexico,Clovis,United States,New Mexico,88101,West
Coachella|California,Coachella,United States,California,92236,West
College Station|Texas,College Station,United States,Texas,77840,Central
Colorado Springs|Colorado,Colorado Springs,United States,Colorado,80906,West
Columbia|Maryland,Columbia,United States,Maryland,21044,East
Columbia|Missouri,Columbia,United States,Missouri,65203,Central
Columbia|South Carolina,Columbia,United States,South Carolina,29203,South
Columbia|Tennessee,Columbia,United States,Tennessee,38401,South
Columbus|Georgia,Columbus,United States,Georgia,31907,South
Columbus|Indiana,Columbus,United States,Indiana,47201,Central
Columbus|Ohio,Columbus,United States,Ohio,43229,East
Commerce City|Colorado,Commerce City,United States,Colorado,80022,West
Concord|California,Concord,United States,California,94521,West
Concord|New Hampshire,Concord,United States,New Hampshire,3301,East
Concord|North Carolina,Concord,United States,North Carolina,28027,South
Conroe|Texas,Conroe,United States,Texas,77301,Central
Conway|Arkansas,Conway,United States,Arkansas,72032,South
Coon Rapids|Minnesota,Coon Rapids,United States,Minnesota,55433,Central
Coppell|Texas,Coppell,United States,Texas,75019,Central
Coral Gables|Florida,Coral Gables,United States,Florida,33134,South
Coral Springs|Florida,Coral Springs,United States,Florida,33065,South
Corpus Christi|Texas,Corpus Christi,United States,Texas,78415,Central
Costa Mesa|California,Costa Mesa,United States,California,92627,West
Cottage Grove|Minnesota,Cottage Grove,United States,Minnesota,55016,Central
Covington|Washington,Covington,United States,Washington,98042,West
Cranston|Rhode Island,Cranston,United States,Rhode Island,2920,East
Cuyahoga Falls|Ohio,Cuyahoga Falls,United States,Ohio,44221,East
Dallas|Texas,Dallas,United States,Texas,75081,Central
Danbury|Connecticut,Danbury,United States,Connecticut,6810,East
Danville|California,Danville,United States,California,94526,West
Danville|Illinois,Danville,United States,Illinois,61832,Central
Davis|California,Davis,United States,California,95616,West
Daytona Beach|Florida,Daytona Beach,United States,Florida,32114,South
Dearborn|Michigan,Dearborn,United States,Michigan,48126,Central
Dearborn Heights|Michigan,Dearborn Heights,United States,Michigan,48127,Central
Decatur|Alabama,Decatur,United States,Alabama,35601,South
Decatur|Illinois,Decatur,United States,Illinois,62521,Central
Deer Park|Texas,Deer Park,United States,Texas,77536,Central
Delray Beach|Florida,Delray Beach,United States,Florida,33445,South
Deltona|Florida,Deltona,United States,Florida,32725,South
Denver|Colorado,Denver,United States,Colorado,80219,West
Des Moines|Iowa,Des Moines,United States,Iowa,50315,Central
Des Moines|Washington,Des Moines,United States,Washington,98198,West
Des Plaines|Illinois,Des Plaines,United States,Illinois,60016,Central
Detroit|Michigan,Detroit,United States,Michigan,48205,Central
Dover|Delaware,Dover,United States,Delaware,19901,East
Dover|New Hampshire,Dover,United States,New Hampshire,3820,East
Draper|Utah,Draper,United States,Utah,84020,West
Dublin|California,Dublin,United States,California,94568,West
Dublin|Ohio,Dublin,United States,Ohio,43017,East
Dubuque|Iowa,Dubuque,United States,Iowa,52001,Central
Durham|North Carolina,Durham,United States,North Carolina,27707,South
Eagan|Minnesota,Eagan,United States,Minnesota,55122,Central
East Orange|New Jersey,East Orange,United States,New Jersey,7017,East
East Point|Georgia,East Point,United States,Georgia,30344,South
Eau Claire|Wisconsin,Eau Claire,United States,Wisconsin,54703,Central
Edinburg|Texas,Edinburg,United States,Texas,78539,Central
Edmond|Oklahoma,Edmond,United States,Oklahoma,73034,Central
Edmonds|Washington,Edmonds,United States,Washington,98026,West
Edmonton|Alberta,Edmonton,Canada,Alberta,T5A,West
El Cajon|California,El Cajon,United States,California,92020,West
El Paso|Texas,El Paso,United States,Texas,79907,Central
Elkhart|Indiana,Elkhart,United States,Indiana,46514,Central
Elmhurst|Illinois,Elmhurst,United States,Illinois,60126,Central
Elyria|Ohio,Elyria,United States,Ohio,44035,East
Encinitas|California,Encinitas,United States,California,92024,West
Englewood|Colorado,Englewood,United States,Colorado,80112,West
Escondido|California,Escondido,United States,California,92025,West
Eugene|Oregon,Eugene,United States,Oregon,97405,West
Evanston|Illinois,Evanston,United States,Illinois,60201,Central
Everett|Massachusetts,Everett,United States,Massachusetts,2149,East
Everett|Washington,Everett,United States,Washington,98208,West
Fairfield|California,Fairfield,United States,California,94533,West
Fairfield|Connecticut,Fairfield,United States,Connecticut,6824,East
Fairfield|Ohio,Fairfield,United States,Ohio,45014,East
Fargo|North Dakota,Fargo,United States,North Dakota,58103,Central
Farmington|New Mexico,Farmington,United States,New Mexico,87401,West
Fayetteville|Arkansas,Fayetteville,United States,Arkansas,72701,South
Fayetteville|North Carolina,Fayetteville,United States,North Carolina,28314,South
Florence|Alabama,Florence,United States,Alabama,35630,South
Florence|Kentucky,Florence,United States,Kentucky,41042,South
Florence|South Carolina,Florence,United States,South Carolina,29501,South
Fort Collins|Colorado,Fort Collins,United States,Colorado,80525,West
Fort Lauderdale|Florida,Fort Lauderdale,United States,Florida,33311,South
Fort Worth|Texas,Fort Worth,United States,Texas,76106,Central
Frankfort|Illinois,Frankfort,United States,Illinois,60423,Central
Franklin|Massachusetts,Franklin,United States,Massachusetts,2038,East
Franklin|Tennessee,Franklin,United States,Tennessee,37064,South
Franklin|Wisconsin,Franklin,United States,Wisconsin,53132,Central
Freeport|Illinois,Freeport,United States,Illinois,61032,Central
Freeport|New York,Freeport,United States,New York,11520,East
Fremont|Nebraska,Fremont,United States,Nebraska,68025,Central
Fresno|California,Fresno,United States,California,93727,West
Frisco|Texas,Frisco,United States,Texas,75034,Central
Gaithersburg|Maryland,Gaithersburg,United States,Maryland,20877,East
Garden City|Kansas,Garden City,United States,Kansas,67846,Central
Garland|Texas,Garland,United States,Texas,75043,Central
Gastonia|North Carolina,Gastonia,United States,North Carolina,28052,South
Georgetown|Kentucky,Georgetown,United States,Kentucky,40324,South
Gilbert|Arizona,Gilbert,United States,Arizona,85234,West
Gladstone|Missouri,Gladstone,United States,Missouri,64118,Central
Glendale|Arizona,Glendale,United States,Arizona,85301,West
Glenview|Illinois,Glenview,United States,Illinois,60025,Central
Goldsboro|North Carolina,Goldsboro,United States,North Carolina,27534,South
Grand Island|Nebraska,Grand Island,United States,Nebraska,68801,Central
Grand Prairie|Texas,Grand Prairie,United States,Texas,75051,Central
Grand Rapids|Michigan,Grand Rapids,United States,Michigan,49505,Central
Grapevine|Texas,Grapevine,United States,Texas,76051,Central
Great Falls|Montana,Great Falls,United States,Montana,59405,West
Greeley|Colorado,Greeley,United States,Colorado,80634,West
Green Bay|Wisconsin,Green Bay,United States,Wisconsin,54302,Central
Greensboro|North Carolina,Greensboro,United States,North Carolina,27405,South
Greenville|North Carolina,Greenville,United States,North Carolina,27834,South
Greenwood|Indiana,Greenwood,United States,Indiana,46142,Central
Gresham|Oregon,Gresham,United States,Oregon,97030,West
Grove City|Ohio,Grove City,United States,Ohio,43123,East
Gulfport|Mississippi,Gulfport,United States,Mississippi,39503,South
Hackensack|New Jersey,Hackensack,United States,New Jersey,7601,East
Hagerstown|Maryland,Hagerstown,United States,Maryland,21740,East
Halifax|Nova Scotia,Halifax,Canada,Nova Scotia,B3H,East
Haltom City|Texas,Haltom City,United States,Texas,76117,Central
Hamilton|Ohio,Hamilton,United States,Ohio,45011,East
Hampton|Virginia,Hampton,United States,Virginia,23666,South
Harlingen|Texas,Harlingen,United States,Texas,78550,Central
Harrisonburg|Virginia,Harrisonburg,United States,Virginia,22801,South
Hattiesburg|Mississippi,Hattiesburg,United States,Mississippi,39401,South
Helena|Montana,Helena,United States,Montana,59601,West
Hempstead|New York,Hempstead,United States,New York,11550,East
Henderson|Kentucky,Henderson,United States,Kentucky,42420,South
Henderson|Nevada,Henderson,United States,Nevada,89015,West
Hendersonville|Tennessee,Hendersonville,United States,Tennessee,37075,South
Hesperia|California,Hesperia,United States,California,92345,West
Hialeah|Florida,Hialeah,United States,Florida,33012,South
Hickory|North Carolina,Hickory,United States,North Carolina,28601,South
Highland Park|Illinois,Highland Park,United States,Illinois,60035,Central
Hillsboro|Oregon,Hillsboro,United States,Oregon,97123,West
Holland|Michigan,Holland,United States,Michigan,49423,Central
Hollywood|Florida,Hollywood,United States,Florida,33021,South
Holyoke|Massachusetts,Holyoke,United States,Massachusetts,1040,East
Homestead|Florida,Homestead,United States,Florida,33030,South
Hoover|Alabama,Hoover,United States,Alabama,35244,South
Hot Springs|Arkansas,Hot Springs,United States,Arkansas,71901,South
Houston|Texas,Houston,United States,Texas,77036,Central
Huntington Beach|California,Huntington Beach,United States,California,92646,West
Huntsville|Alabama,Huntsville,United States,Alabama,35810,South
Huntsville|Texas,Huntsville,United States,Texas,77340,Central
Independence|Missouri,Independence,United States,Missouri,64055,Central
Indianapolis|Indiana,Indianapolis,United States,Indiana,46203,Central
Inglewood|California,Inglewood,United States,California,90301,West
Iowa City|Iowa,Iowa City,United States,Iowa,52240,Central
Irving|Texas,Irving,United States,Texas,75061,Central
Jackson|Michigan,Jackson,United States,Michigan,49201,Central
Jackson|Mississippi,Jackson,United States,Mississippi,39212,South
Jackson|Tennessee,Jackson,United States,Tennessee,38301,South
Jacksonville|Florida,Jacksonville,United States,Florida,32216,South
Jacksonville|North Carolina,Jacksonville,United States,North Carolina,28540,South
Jamestown|New York,Jamestown,United States,New York,14701,East
Jefferson City|Missouri,Jefferson City,United States,Missouri,65109,Central
Johnson City|Tennessee,Johnson City,United States,Tennessee,37604,South
Jonesboro|Arkansas,Jonesboro,United States,Arkansas,72401,South
Jupiter|Florida,Jupiter,United States,Florida,33458,South
Keller|Texas,Keller,United States,Texas,76248,Central
Kenner|Louisiana,Kenner,United States,Louisiana,70065,South
Kenosha|Wisconsin,Kenosha,United States,Wisconsin,53142,Central
Kent|Ohio,Kent,United States,Ohio,44240,East
Kent|Washington,Kent,United States,Washington,98031,West
Kirkwood|Missouri,Kirkwood,United States,Missouri,63122,Central
Kissimmee|Florida,Kissimmee,United States,Florida,34741,South
Knoxville|Tennessee,Knoxville,United States,Tennessee,37918,South
La Crosse|Wisconsin,La Crosse,United States,Wisconsin,54601,Central
La Mesa|California,La Mesa,United States,California,91941,West
La Porte|Indiana,La Porte,United States,Indiana,46350,Central
La Porte|Texas,La Porte,United States,Texas,77571,Central
La Quinta|California,La Quinta,United States,California,92253,West
Lafayette|Indiana,Lafayette,United States,Indiana,47905,Central
Lafayette|Louisiana,Lafayette,United States,Louisiana,70506,South
Laguna Niguel|California,Laguna Niguel,United States,California,92677,West
Lake Charles|Louisiana,Lake Charles,United States,Louisiana,70601,South
Lake Elsinore|California,Lake Elsinore,United States,California,92530,West
Lake Forest|California,Lake Forest,United States,California,92630,West
Lakeland|Florida,Lakeland,United States,Florida,33801,South
Lakeville|Minnesota,Lakeville,United States,Minnesota,55044,Central
Lakewood|California,Lakewood,United States,California,90712,West
Lakewood|New Jersey,Lakewood,United States,New Jersey,8701,East
Lakewood|Ohio,Lakewood,United States,Ohio,44107,East
Lancaster|California,Lancaster,United States,California,93534,West
Lancaster|Ohio,Lancaster,United States,Ohio,43130,East
Lancaster|Pennsylvania,Lancaster,United States,Pennsylvania,17602,East
Lansing|Michigan,Lansing,United States,Michigan,48911,Central
Laredo|Texas,Laredo,United States,Texas,78041,Central
Las Cruces|New Mexico,Las Cruces,United States,New Mexico,88001,West
Las Vegas|Nevada,Las Vegas,United States,Nevada,89115,West
Laurel|Maryland,Laurel,United States,Maryland,20707,East
Lawrence|Indiana,Lawrence,United States,Indiana,46226,Central
Lawrence|Massachusetts,Lawrence,United States,Massachusetts,1841,East
Lawton|Oklahoma,Lawton,United States,Oklahoma,73505,Central
Layton|Utah,Layton,United States,Utah,84041,West
League City|Texas,League City,United States,Texas,77573,Central
Lebanon|Tennessee,Lebanon,United States,Tennessee,37087,South
Lehi|Utah,Lehi,United States,Utah,84043,West
Leominster|Massachusetts,Leominster,United States,Massachusetts,1453,East
Lewiston|Idaho,Lewiston,United States,Idaho,83501,West
Lewiston|Maine,Lewiston,United States,Maine,4240,East
Lincoln Park|Michigan,Lincoln Park,United States,Michigan,48146,Central
Linden|New Jersey,Linden,United States,New Jersey,7036,East
Lindenhurst|New York,Lindenhurst,United States,New York,11757,East
Little Rock|Arkansas,Little Rock,United States,Arkansas,72209,South
Littleton|Colorado,Littleton,United States,Colorado,80122,West
Lodi|California,Lodi,United States,California,95240,West
Logan|Utah,Logan,United States,Utah,84321,West
Long Beach|California,Long Beach,United States,California,90805,West
Long Beach|New York,Long Beach,United States,New York,11561,East
Longmont|Colorado,Longmont,United States,Colorado,80501,West
Longview|Washington,Longview,United States,Washington,98632,West
Lorain|Ohio,Lorain,United States,Ohio,44052,East
Los Angeles|California,Los Angeles,United States,California,90004,West
Louisville|Colorado,Louisville,United States,Colorado,80027,West
Louisville|Kentucky,Louisville,United States,Kentucky,40214,South
Loveland|Colorado,Loveland,United States,Colorado,80538,West
Lowell|Massachusetts,Lowell,United States,Massachusetts,1852,East
Lubbock|Texas,Lubbock,United States,Texas,79424,Central
Macon|Georgia,Macon,United States,Georgia,31204,South
Madison|Wisconsin,Madison,United States,Wisconsin,53711,Central
Malden|Massachusetts,Malden,United States,Massachusetts,2148,East
Manchester|Connecticut,Manchester,United States,Connecticut,6040,East
Manhattan|Kansas,Manhattan,United States,Kansas,66502,Central
Mansfield|Texas,Mansfield,United States,Texas,76063,Central
Manteca|California,Manteca,United States,California,95336,West
Maple Grove|Minnesota,Maple Grove,United States,Minnesota,55369,Central
Margate|Florida,Margate,United States,Florida,33063,South
Marietta|Georgia,Marietta,United States,Georgia,30062,South
Marion|Iowa,Marion,United States,Iowa,52302,Central
Marion|Ohio,Marion,United States,Ohio,43302,East
Marlborough|Massachusetts,Marlborough,United States,Massachusetts,1752,East
Marysville|Washington,Marysville,United States,Washington,98270,West
Mason|Ohio,Mason,United States,Ohio,45040,East
Mcallen|Texas,Mcallen,United States,Texas,78501,Central
Medford|Oregon,Medford,United States,Oregon,97504,West
Medina|Ohio,Medina,United States,Ohio,44256,East
Melbourne|Florida,Melbourne,United States,Florida,32935,South
Memphis|Tennessee,Memphis,United States,Tennessee,38109,South
Mentor|Ohio,Mentor,United States,Ohio,44060,East
Meriden|Connecticut,Meriden,United States,Connecticut,6450,East
Meridian|Idaho,Meridian,United States,Idaho,83642,West
Mesa|Arizona,Mesa,United States,Arizona,85204,West
Mesquite|Texas,Mesquite,United States,Texas,75150,Central
Miami|Florida,Miami,United States,Florida,33142,South
Middletown|Connecticut,Middletown,United States,Connecticut,6457,East
Midland|Michigan,Midland,United States,Michigan,48640,Central
Milford|Connecticut,Milford,United States,Connecticut,6460,East
Milwaukee|Wisconsin,Milwaukee,United States,Wisconsin,53209,Central
Minneapolis|Minnesota,Minneapolis,United States,Minnesota,55407,Central
Miramar|Florida,Miramar,United States,Florida,33023,South
Mishawaka|Indiana,Mishawaka,United States,Indiana,46544,Central
Mission Viejo|California,Mission Viejo,United States,California,92691,West
Missoula|Montana,Missoula,United States,Montana,59801,West
Missouri City|Texas,Missouri City,United States,Texas,77489,Central
Mobile|Alabama,Mobile,United States,Alabama,36608,South
Modesto|California,Modesto,United States,California,95351,West
Moncton|New Brunswick,Moncton,Canada,New Brunswick,E1A,East
Monroe|Louisiana,Monroe,United States,Louisiana,71203,South
Monroe|North Carolina,Monroe,United States,North Carolina,28110,South
Montebello|California,Montebello,United States,California,90640,West
Montgomery|Alabama,Montgomery,United States,Alabama,36116,South
Montreal|Quebec,Montreal,Canada,Quebec,H1A,East
Moorhead|Minnesota,Moorhead,United States,Minnesota,56560,Central
Moreno Valley|California,Moreno Valley,United States,California,92553,West
Morgan Hill|California,Morgan Hill,United States,California,95037,West
Morristown|New Jersey,Morristown,United States,New Jersey,7960,East
Mount Pleasant|Michigan,Mount Pleasant,United States,Michigan,48858,Central
Mount Pleasant|South Carolina,Mount Pleasant,United States,South Carolina,29464,South
Mount Vernon|New York,Mount Vernon,United States,New York,10550,East
Murfreesboro|Tennessee,Murfreesboro,United States,Tennessee,37130,South
Murray|Kentucky,Murray,United States,Kentucky,42071,South
Murray|Utah,Murray,United States,Utah,84107,West
Murrieta|California,Murrieta,United States,California,92563,West
Muskogee|Oklahoma,Muskogee,United States,Oklahoma,74403,Central
Naperville|Illinois,Naperville,United States,Illinois,60540,Central
Nashua|New Hampshire,Nashua,United States,New Hampshire,3060,East
Nashville|Tennessee,Nashville,United States,Tennessee,37211,South
New Albany|Indiana,New Albany,United States,Indiana,47150,Central
New Bedford|Massachusetts,New Bedford,United States,Massachusetts,2740,East
New Brunswick|New Jersey,New Brunswick,United States,New Jersey,8901,East
New Castle|Indiana,New Castle,United States,Indiana,47362,Central
New Rochelle|New York,New Rochelle,United States,New York,10801,East
New York City|New York,New York City,United States,New York,10009,East
Newark|Delaware,Newark,United States,Delaware,19711,East
Newark|Ohio,Newark,United States,Ohio,43055,East
Newport News|Virginia,Newport News,United States,Virginia,23602,South
Niagara Falls|New York,Niagara Falls,United States,New York,14304,East
Noblesville|Indiana,Noblesville,United States,Indiana,46060,Central
Norfolk|Nebraska,Norfolk,United States,Nebraska,68701,Central
Normal|Illinois,Normal,United States,Illinois,61761,Central
Norman|Oklahoma,Norman,United States,Oklahoma,73071,Central
North Charleston|South Carolina,North Charleston,United States,South Carolina,29406,South
North Las Vegas|Nevada,North Las Vegas,United States,Nevada,89031,West
North Miami|Florida,North Miami,United States,Florida,33161,South
Norwich|Connecticut,Norwich,United States,Connecticut,6360,East
Oak Park|Illinois,Oak Park,United States,Illinois,60302,Central
Oak Park|Michigan,Oak Park,United States,Michigan,48237,Central
Oakland|California,Oakland,United States,California,94601,West
Oceanside|California,Oceanside,United States,California,92054,West
Oceanside|New York,Oceanside,United States,New York,11572,East
Odessa|Texas,Odessa,United States,Texas,79762,Central
Oklahoma City|Oklahoma,Oklahoma City,United States,Oklahoma,73120,Central
Olathe|Kansas,Olathe,United States,Kansas,66062,Central
Olympia|Washington,Olympia,United States,Washington,98502,West
Omaha|Nebraska,Omaha,United States,Nebraska,68104,Central
Ontario|California,Ontario,United States,California,91761,West
Orange|New Jersey,Orange,United States,New Jersey,7050,East
Orem|Utah,Orem,United States,Utah,84057,West
Orland Park|Illinois,Orland Park,United States,Illinois,60462,Central
Orlando|Florida,Orlando,United States,Florida,32839,South
Ormond Beach|Florida,Ormond Beach,United States,Florida,32174,South
Oswego|Illinois,Oswego,United States,Illinois,60543,Central
Overland Park|Kansas,Overland Park,United States,Kansas,66212,Central
Owensboro|Kentucky,Owensboro,United States,Kentucky,42301,South
Oxnard|California,Oxnard,United States,California,93030,West
Palatine|Illinois,Palatine,United States,Illinois,60067,Central
Palm Coast|Florida,Palm Coast,United States,Florida,32137,South
Park Ridge|Illinois,Park Ridge,United States,Illinois,60068,Central
Parker|Colorado,Parker,United States,Colorado,80134,West
Parma|Ohio,Parma,United States,Ohio,44134,East
Pasadena|California,Pasadena,United States,California,91104,West
Pasadena|Texas,Pasadena,United States,Texas,77506,Central
Pasco|Washington,Pasco,United States,Washington,99301,West
Passaic|New Jersey,Passaic,United States,New Jersey,7055,East
Paterson|New Jersey,Paterson,United States,New Jersey,7501,East
Pearland|Texas,Pearland,United States,Texas,77581,Central
Pembroke Pines|Florida,Pembroke Pines,United States,Florida,33024,South
Pensacola|Florida,Pensacola,United States,Florida,32503,South
Peoria|Arizona,Peoria,United States,Arizona,85345,West
Peoria|Illinois,Peoria,United States,Illinois,61604,Central
Perth Amboy|New Jersey,Perth Amboy,United States,New Jersey,8861,East
Pharr|Texas,Pharr,United States,Texas,78577,Central
Philadelphia|Pennsylvania,Philadelphia,United States,Pennsylvania,19120,East
Phoenix|Arizona,Phoenix,United States,Arizona,85023,West
Pico Rivera|California,Pico Rivera,United States,California,90660,West
Pine Bluff|Arkansas,Pine Bluff,United States,Arkansas,71603,South
Plainfield|New Jersey,Plainfield,United States,New Jersey,7060,East
Plano|Texas,Plano,United States,Texas,75023,Central
Plantation|Florida,Plantation,United States,Florida,33317,South
Pleasant Grove|Utah,Pleasant Grove,United States,Utah,84062,West
Pocatello|Idaho,Pocatello,United States,Idaho,83201,West
Pomona|California,Pomona,United States,California,91767,West
Pompano Beach|Florida,Pompano Beach,United States,Florida,33068,South
Port Arthur|Texas,Port Arthur,United States,Texas,77642,Central
Port Orange|Florida,Port Orange,United States,Florida,32127,South
Port Saint Lucie|Florida,Port Saint Lucie,United States,Florida,34952,South
Portage|Indiana,Portage,United States,Indiana,46368,Central
Portland|Oregon,Portland,United States,Oregon,97206,West
Providence|Rhode Island,Providence,United States,Rhode Island,2908,East
Provo|Utah,Provo,United States,Utah,84604,West
Pueblo|Colorado,Pueblo,United States,Colorado,81001,West
Quebec City|Quebec,Quebec City,Canada,Quebec,G1B,East
Quincy|Illinois,Quincy,United States,Illinois,62301,Central
Quincy|Massachusetts,Quincy,United States,Massachusetts,2169,East
Raleigh|North Carolina,Raleigh,United States,North Carolina,27604,South
Rancho Cucamonga|California,Rancho Cucamonga,United States,California,91730,West
Rapid City|South Dakota,Rapid City,United States,South Dakota,57701,Central
Reading|Pennsylvania,Reading,United States,Pennsylvania,19601,East
Redding|California,Redding,United States,California,96003,West
Redlands|California,Redlands,United States,California,92374,West
Redmond|Oregon,Redmond,United States,Oregon,97756,West
Redmond|Washington,Redmond,United States,Washington,98052,West
Redondo Beach|California,Redondo Beach,United States,California,90278,West
Redwood City|California,Redwood City,United States,California,94061,West
Regina|Saskatchewan,Regina,Canada,Saskatchewan,S0G,West
Reno|Nevada,Reno,United States,Nevada,89502,West
Renton|Washington,Renton,United States,Washington,98059,West
Revere|Massachusetts,Revere,United States,Massachusetts,2151,East
Richardson|Texas,Richardson,United States,Texas,75080,Central
Richmond|Indiana,Richmond,United States,Indiana,47374,Central
Richmond|Kentucky,Richmond,United States,Kentucky,40475,South
Richmond|Virginia,Richmond,United States,Virginia,23223,South
Rio Rancho|New Mexico,Rio Rancho,United States,New Mexico,87124,West
Riverside|California,Riverside,United States,California,92503,West
Rochester|Minnesota,Rochester,United States,Minnesota,55901,Central
Rochester|New York,Rochester,United States,New York,14609,East
Rochester Hills|Michigan,Rochester Hills,United States,Michigan,48307,Central
Rock Hill|South Carolina,Rock Hill,United States,South Carolina,29730,South
Rockford|Illinois,Rockford,United States,Illinois,61107,Central
Rockville|Maryland,Rockville,United States,Maryland,20852,East
Rogers|Arkansas,Rogers,United States,Arkansas,72756,South
Rome|New York,Rome,United States,New York,13440,East
Romeoville|Illinois,Romeoville,United States,Illinois,60441,Central
Roseville|California,Roseville,United States,California,95661,West
Roseville|Michigan,Roseville,United States,Michigan,48066,Central
Roseville|Minnesota,Roseville,United States,Minnesota,55113,Central
Roswell|Georgia,Roswell,United States,Georgia,30076,South
Round Rock|Texas,Round Rock,United States,Texas,78664,Central
Royal Oak|Michigan,Royal Oak,United States,Michigan,48073,Central
Sacramento|California,Sacramento,United States,California,95823,West
Saginaw|Michigan,Saginaw,United States,Michigan,48601,Central
Saint Charles|Illinois,Saint Charles,United States,Illinois,60174,Central
Saint Charles|Missouri,Saint Charles,United States,Missouri,63301,Central
Saint Cloud|Minnesota,Saint Cloud,United States,Minnesota,56301,Central
Saint Louis|Missouri,Saint Louis,United States,Missouri,63116,Central
Saint Paul|Minnesota,Saint Paul,United States,Minnesota,55106,Central
Saint Peters|Missouri,Saint Peters,United States,Missouri,63376,Central
Saint Petersburg|Florida,Saint Petersburg,United States,Florida,33710,South
Salem|Oregon,Salem,United States,Oregon,97301,West
Salem|Virginia,Salem,United States,Virginia,24153,South
Salinas|California,Salinas,United States,California,93905,West
Salt Lake City|Utah,Salt Lake City,United States,Utah,84106,West
San Angelo|Texas,San Angelo,United States,Texas,76903,Central
San Antonio|Texas,San Antonio,United States,Texas,78207,Central
San Bernardino|California,San Bernardino,United States,California,92404,West
San Clemente|California,San Clemente,United States,California,92672,West
San Diego|California,San Diego,United States,California,92024,West
San Francisco|California,San Francisco,United States,California,94109,West
San Gabriel|California,San Gabriel,United States,California,91776,West
San Jose|California,San Jose,United States,California,95123,West
San Luis Obispo|California,San Luis Obispo,United States,California,93405,West
San Marcos|Texas,San Marcos,United States,Texas,78666,Central
San Mateo|California,San Mateo,United States,California,94403,West
Sandy Springs|Georgia,Sandy Springs,United States,Georgia,30328,South
Sanford|Florida,Sanford,United States,Florida,32771,South
Santa Ana|California,Santa Ana,United States,California,92704,West
Santa Barbara|California,Santa Barbara,United States,California,93101,West
Santa Clara|California,Santa Clara,United States,California,95051,West
Santa Fe|New Mexico,Santa Fe,United States,New Mexico,87505,West
Santa Maria|California,Santa Maria,United States,California,93454,West
Scottsdale|Arizona,Scottsdale,United States,Arizona,85254,West
Seattle|Washington,Seattle,United States,Washington,98103,West
Sheboygan|Wisconsin,Sheboygan,United States,Wisconsin,53081,Central
Shelton|Connecticut,Shelton,United States,Connecticut,6484,East
Sierra Vista|Arizona,Sierra Vista,United States,Arizona,85635,West
Sioux Falls|South Dakota,Sioux Falls,United States,South Dakota,57103,Central
Skokie|Illinois,Skokie,United States,Illinois,60076,Central
Smyrna|Georgia,Smyrna,United States,Georgia,30080,South
Smyrna|Tennessee,Smyrna,United States,Tennessee,37167,South
South Bend|Indiana,South Bend,United States,Indiana,46614,Central
Southaven|Mississippi,Southaven,United States,Mississippi,38671,South
Sparks|Nevada,Sparks,United States,Nevada,89431,West
Spokane|Washington,Spokane,United States,Washington,99207,West
Springdale|Arkansas,Springdale,United States,Arkansas,72762,South
Springfield|Missouri,Springfield,United States,Missouri,65807,Central
Springfield|Ohio,Springfield,United States,Ohio,45503,East
Springfield|Oregon,Springfield,United States,Oregon,97477,West
Springfield|Virginia,Springfield,United States,Virginia,22153,South
St. John's|Newfoundland and Labrador,St. John's,Canada,Newfoundland and Labrador,A0A,East
Sterling Heights|Michigan,Sterling Heights,United States,Michigan,48310,Central
Stockton|California,Stockton,United States,California,95207,West
Suffolk|Virginia,Suffolk,United States,Virginia,23434,South
Summerville|South Carolina,Summerville,United States,South Carolina,29483,South
Sunnyvale|California,Sunnyvale,United States,California,94086,West
Superior|Wisconsin,Superior,United States,Wisconsin,54880,Central
Tallahassee|Florida,Tallahassee,United States,Florida,32303,South
Tamarac|Florida,Tamarac,United States,Florida,33319,South
Tampa|Florida,Tampa,United States,Florida,33614,South
Taylor|Michigan,Taylor,United States,Michigan,48180,Central
Temecula|California,Temecula,United States,California,92592,West
Tempe|Arizona,Tempe,United States,Arizona,85281,West
Texarkana|Arkansas,Texarkana,United States,Arkansas,71854,South
Texas City|Texas,Texas City,United States,Texas,77590,Central
The Colony|Texas,The Colony,United States,Texas,75056,Central
Thomasville|North Carolina,Thomasville,United States,North Carolina,27360,South
Thornton|Colorado,Thornton,United States,Colorado,80229,West
Thousand Oaks|California,Thousand Oaks,United States,California,91360,West
Tigard|Oregon,Tigard,United States,Oregon,97224,West
Tinley Park|Illinois,Tinley Park,United States,Illinois,60477,Central
Toledo|Ohio,Toledo,United States,Ohio,43615,East
Toronto|Ontario,Toronto,Canada,Ontario,M2N,East
Torrance|California,Torrance,United States,California,90503,West
Trenton|Michigan,Trenton,United States,Michigan,48183,Central
Troy|New York,Troy,United States,New York,12180,East
Troy|Ohio,Troy,United States,Ohio,45373,East
Tucson|Arizona,Tucson,United States,Arizona,85705,West
Tulsa|Oklahoma,Tulsa,United States,Oklahoma,74133,Central
Tuscaloosa|Alabama,Tuscaloosa,United States,Alabama,35401,South
Twin Falls|Idaho,Twin Falls,United States,Idaho,83301,West
Tyler|Texas,Tyler,United States,Texas,75701,Central
Urbandale|Iowa,Urbandale,United States,Iowa,50322,Central
Utica|New York,Utica,United States,New York,13501,East
Vacaville|California,Vacaville,United States,California,95687,West
Vallejo|California,Vallejo,United States,California,94591,West
Vancouver|British Columbia,Vancouver,Canada,British Columbia,V5K,West
Vancouver|Washington,Vancouver,United States,Washington,98661,West
Vineland|New Jersey,Vineland,United States,New Jersey,8360,East
Virginia Beach|Virginia,Virginia Beach,United States,Virginia,23464,South
Visalia|California,Visalia,United States,California,93277,West
Waco|Texas,Waco,United States,Texas,76706,Central
Warner Robins|Georgia,Warner Robins,United States,Georgia,31088,South
Warwick|Rhode Island,Warwick,United States,Rhode Island,2886,East
Washington|District of Columbia,Washington,United States,District of Columbia,20016,East
Waterbury|Connecticut,Waterbury,United States,Connecticut,6708,East
Waterloo|Iowa,Waterloo,United States,Iowa,50701,Central
Watertown|New York,Watertown,United States,New York,13601,East
Waukesha|Wisconsin,Waukesha,United States,Wisconsin,53186,Central
Wausau|Wisconsin,Wausau,United States,Wisconsin,54401,Central
Waynesboro|Virginia,Waynesboro,United States,Virginia,22980,South
West Allis|Wisconsin,West Allis,United States,Wisconsin,53214,Central
West Jordan|Utah,West Jordan,United States,Utah,84084,West
West Palm Beach|Florida,West Palm Beach,United States,Florida,33407,South
Westfield|New Jersey,Westfield,United States,New Jersey,7090,East
Westland|Michigan,Westland,United States,Michigan,48185,Central
Westminster|California,Westminster,United States,California,92683,West
Wheeling|Illinois,Wheeling,United States,Illinois,60090,Central
Wheeling|West Virginia,Wheeling,United States,West Virginia,26003,East
Whittier|California,Whittier,United States,California,90604,West
Wichita|Kansas,Wichita,United States,Kansas,67212,Central
Wilmington|Delaware,Wilmington,United States,Delaware,19805,East
Wilmington|North Carolina,Wilmington,United States,North Carolina,28403,South
Wilson|North Carolina,Wilson,United States,North Carolina,27893,South
Winnipeg|Manitoba,Winnipeg,Canada,Manitoba,R0H,Central
Woodbury|Minnesota,Woodbury,United States,Minnesota,55125,Central
Woodland|California,Woodland,United States,California,95695,West
Woodstock|Georgia,Woodstock,United States,Georgia,30188,South
Woodstock|Illinois,Woodstock,United States,Illinois,60098,Central
Woonsocket|Rhode Island,Woonsocket,United States,Rhode Island,2895,East
Yonkers|New York,Yonkers,United States,New York,10701,East
York|Pennsylvania,York,United States,Pennsylvania,17403,East
Yucaipa|California,Yucaipa,United States,California,92399,West
Yuma|Arizona,Yuma,United States,Arizona,85364,West
